<wpml-config>
    <admin-texts>
		<key name='theme_mods_zerif-lite'>
			<key name='zerif_copyright' />
			<key name='zerif_socials_facebook' />
			<key name='zerif_socials_twitter' />
			<key name='zerif_socials_linkedin' />
			<key name='zerif_socials_behance' />
			<key name='zerif_socials_dribbble' />
			<key name='zerif_email' />
			<key name='zerif_phone' />
			<key name='zerif_address' />
			<key name='zerif_bigtitle_title' />
			<key name='zerif_bigtitle_redbutton_label' />
			<key name='zerif_bigtitle_redbutton_url' />
			<key name='zerif_bigtitle_greenbutton_label' />
			<key name='zerif_bigtitle_greenbutton_url' />
			<key name='zerif_ourfocus_title' />
			<key name='zerif_ourfocus_subtitle' />
			<key name='zerif_aboutus_title' />
			<key name='zerif_aboutus_subtitle' />
			<key name='zerif_aboutus_biglefttitle' />
			<key name='zerif_aboutus_text' />
			<key name='zerif_aboutus_feature1_title' />
			<key name='zerif_aboutus_feature1_text' />
			<key name='zerif_aboutus_feature2_title' />
			<key name='zerif_aboutus_feature2_text' />
			<key name='zerif_aboutus_feature3_title' />
			<key name='zerif_aboutus_feature3_text' />
			<key name='zerif_aboutus_feature4_title' />
			<key name='zerif_aboutus_feature4_text' />	
			<key name='zerif_ourteam_title' />
			<key name='zerif_ourteam_subtitle' />
			<key name='zerif_testimonials_title' />
			<key name='zerif_testimonials_subtitle' />
			<key name='zerif_latestnews_title' />
			<key name='zerif_latestnews_subtitle' />
			<key name='zerif_bottomribbon_text' />
			<key name='zerif_bottomribbon_buttonlabel' />
			<key name='zerif_bottomribbon_buttonlink' />
			<key name='zerif_ribbonright_text' />
			<key name='zerif_ribbonright_buttonlabel' />
			<key name='zerif_ribbonright_buttonlink' />
			<key name='zerif_contactus_title' />
			<key name='zerif_contactus_subtitle' />
			<key name='zerif_contactus_email' />
			<key name='zerif_contactus_button_label' />
			<key name='zerif_contactus_sitekey' />
			<key name='zerif_contactus_secretkey' />
		</key>	
    </admin-texts>
</wpml-config>
